{
 "providers":
   [
	 {
	   "type":"bitmap",
	   "file":"travelerstitles:font/overworld.png",
	   "ascent":13,
	   "height":13,
	   "chars":["\uE000"]
	 },
	 {
	   "type":"bitmap",
	   "file":"travelerstitles:font/the_end.png",
	   "ascent":13,
	   "height":13,
	   "chars":["\uE001"]
	 },
	 {
	   "type":"bitmap",
	   "file":"travelerstitles:font/the_nether.png",
	   "ascent":13,
	   "height":13,
	   "chars":["\uE002"]
	 },
	 {
	   "type":"bitmap",
	   "file":"travelerstitles:font/overworld_uk_ua.png",
	   "ascent":14,
	   "height":17,
	   "chars":["\uE050"]
	 },
	 {
	   "type":"bitmap",
	   "file":"travelerstitles:font/the_end_uk_ua.png",
	   "ascent":13,
	   "height":13,
	   "chars":["\uE051"]
	 },
	 {
	   "type":"bitmap",
	   "file":"travelerstitles:font/the_nether_uk_ua.png",
	   "ascent":13,
	   "height":13,
	   "chars":["\uE052"]
	 },
	 {
	   "type":"bitmap",
	   "file":"travelerstitles:font/overworld_cs_cz.png",
	   "ascent":15,
	   "height":18,
	   "chars":["\uE100"]
	 },
	 {
	   "type":"bitmap",
	   "file":"travelerstitles:font/overworld_sk_sk.png",
	   "ascent":15,
	   "height":18,
	   "chars":["\uE101"]
	 },
	 {
	   "type":"bitmap",
	   "file":"travelerstitles:font/overworld_pl_pl.png",
	   "ascent":16,
	   "height":19,
	   "chars":["\uE102"]
	 },
	 {
	   "type":"bitmap",
	   "file":"travelerstitles:font/overworld_de_de.png",
	   "ascent":13,
	   "height":13,
	   "chars":["\uE150"]
	 },
	 {
	   "type":"bitmap",
	   "file":"travelerstitles:font/the_end_de_de.png",
	   "ascent":13,
	   "height":13,
	   "chars":["\uE151"]
	 },
	 {
	   "type":"bitmap",
	   "file":"travelerstitles:font/the_nether_de_de.png",
	   "ascent":13,
	   "height":13,
	   "chars":["\uE152"]
	 },
	 {
	   "type":"bitmap",
	   "file":"travelerstitles:font/overworld_de_ch.png",
	   "ascent":16,
	   "height":16,
	   "chars":["\uE153"]
	 },
	 {
	   "type":"bitmap",
	   "file":"travelerstitles:font/the_end_de_ch.png",
	   "ascent":16,
	   "height":16,
	   "chars":["\uE154"]
	 },
	 {
	   "type":"bitmap",
	   "file":"travelerstitles:font/overworld_fr_fr.png",
	   "ascent":13,
	   "height":13,
	   "chars":["\uE200"]
	 },
	 {
	   "type":"bitmap",
	   "file":"travelerstitles:font/the_end_fr_fr.png",
	   "ascent":13,
	   "height":13,
	   "chars":["\uE201"]
	 },
	 {
	   "type":"bitmap",
	   "file":"travelerstitles:font/the_nether_fr_fr.png",
	   "ascent":13,
	   "height":13,
	   "chars":["\uE202"]
	 },
	 {
	   "type":"bitmap",
	   "file":"travelerstitles:font/the_nether_it_it.png",
	   "ascent":13,
	   "height":13,
	   "chars":["\uE203"]
	 },
	 {
	   "type":"bitmap",
	   "file":"travelerstitles:font/overworld_es_es.png",
	   "ascent":13,
	   "height":13,
	   "chars":["\uE250"]
	 },
	 {
	   "type":"bitmap",
	   "file":"travelerstitles:font/the_end_es_es.png",
	   "ascent":13,
	   "height":13,
	   "chars":["\uE251"]
	 },
	 {
	   "type":"bitmap",
	   "file":"travelerstitles:font/the_nether_es_es.png",
	   "ascent":13,
	   "height":13,
	   "chars":["\uE252"]
	 },
	 {
	   "type":"bitmap",
	   "file":"travelerstitles:font/overworld_el_gr.png",
	   "ascent":13,
	   "height":16,
	   "chars":["\uE300"]
	 },
	 {
	   "type":"bitmap",
	   "file":"travelerstitles:font/the_end_el_gr.png",
	   "ascent":13,
	   "height":13,
	   "chars":["\uE301"]
	 },
	 {
	   "type":"bitmap",
	   "file":"travelerstitles:font/the_nether_el_gr.png",
	   "ascent":13,
	   "height":13,
	   "chars":["\uE302"]
	 },
	 {
	   "type":"bitmap",
	   "file":"travelerstitles:font/overworld_nl_nl.png",
	   "ascent":13,
	   "height":13,
	   "chars":["\uE350"]
	 },
	 {
	   "type":"bitmap",
	   "file":"travelerstitles:font/overworld_ro_ro.png",
	   "ascent":13,
	   "height":16,
	   "chars":["\uE400"]
	 },
	 {
	   "type":"bitmap",
	   "file":"travelerstitles:font/the_end_ro_ro.png",
	   "ascent":13,
	   "height":13,
	   "chars":["\uE401"]
	 },
	 {
	   "type":"bitmap",
	   "file":"travelerstitles:font/the_nether_ro_ro.png",
	   "ascent":13,
	   "height":13,
	   "chars":["\uE402"]
	 },
	 {
	   "type":"bitmap",
	   "file":"travelerstitles:font/overworld_pt_pt.png",
	   "ascent":15,
	   "height":16,
	   "chars":["\uE450"]
	 },
	 {
	   "type":"bitmap",
	   "file":"travelerstitles:font/the_end_pt_pt.png",
	   "ascent":13,
	   "height":13,
	   "chars":["\uE451"]
	 },
	 {
	   "type":"bitmap",
	   "file":"travelerstitles:font/overworld_id_id.png",
	   "ascent":13,
	   "height":13,
	   "chars":["\uE500"]
	 },
	 {
	   "type":"bitmap",
	   "file":"travelerstitles:font/the_end_id_id.png",
	   "ascent":13,
	   "height":13,
	   "chars":["\uE501"]
	 },
	 {
	   "type":"bitmap",
	   "file":"travelerstitles:font/overworld_zh_cn.png",
	   "ascent":13,
	   "height":18,
	   "chars":["\uE550"]
	 },
	 {
	   "type":"bitmap",
	   "file":"travelerstitles:font/the_end_zh_cn.png",
	   "ascent":13,
	   "height":18,
	   "chars":["\uE551"]
	 },
	 {
	   "type":"bitmap",
	   "file":"travelerstitles:font/the_nether_zh_cn.png",
	   "ascent":13,
	   "height":18,
	   "chars":["\uE552"]
	 }
   ]
}